round_number,rank,team_name,rounds_played,rounds_won,rounds_drawn,rounds_lost,matches_played,matches_won,matches_lost,matches_won_percent,points
1,1,Team 001,1,1,0,0,16,13,3,81.25,2
1,2,Team 003,1,1,0,0,16,16,0,100.0,2
1,3,Team 004,1,1,0,0,16,14,2,87.5,2
1,4,Team 005,1,1,0,0,16,11,5,68.75,2
1,4,Team 011,1,1,0,0,16,11,5,68.75,2
1,5,Team 007,1,1,0,0,16,9,7,56.25,2
1,6,Team 006,1,1,0,0,16,10,6,62.5,2
1,7,Team 012,1,0,1,0,16,8,8,50.0,1
1,8,Team 008,1,0,1,0,16,8,8,50.0,1
1,9,Team 009,1,0,0,1,16,7,9,43.75,0
1,10,Team 010,1,0,0,1,16,6,10,37.5,0
1,11,Team 002,1,0,0,1,16,5,11,31.25,0
1,11,Team 014,1,0,0,1,16,5,11,31.25,0
1,12,Team 015,1,0,0,1,16,3,13,18.75,0
1,13,Team 013,1,0,0,1,16,2,14,12.5,0
1,14,Team 016,1,0,0,1,16,0,16,0.0,0
2,1,Team 001,2,2,0,0,32,23,9,71.88,4
2,2,Team 004,2,2,0,0,32,23,9,71.88,4
2,3,Team 005,2,2,0,0,32,25,7,78.13,4
2,4,Team 007,2,2,0,0,32,18,14,56.25,4
2,5,Team 003,2,1,1,0,32,24,8,75.0,3
2,6,Team 011,2,1,1,0,32,19,13,59.38,3
2,6,Team 008,2,1,1,0,32,19,13,59.38,3
2,7,Team 006,2,1,0,1,32,15,17,46.88,2
2,8,Team 014,2,1,0,1,32,14,18,43.75,2
2,9,Team 015,2,1,0,1,32,18,14,56.25,2
2,10,Team 012,2,0,1,1,32,14,18,43.75,1
2,11,Team 009,2,0,0,2,32,14,18,43.75,0
2,12,Team 002,2,0,0,2,32,12,20,37.5,0
2,13,Team 013,2,0,0,2,32,9,23,28.13,0
2,14,Team 010,2,0,0,2,32,8,24,25.0,0
2,15,Team 016,2,0,0,2,32,1,31,3.13,0
3,1,Team 001,3,3,0,0,48,38,10,79.17,6
3,2,Team 004,3,3,0,0,48,38,10,79.17,6
3,3,Team 003,3,2,1,0,48,35,13,72.92,5
3,4,Team 005,3,2,1,0,48,33,15,68.75,5
3,5,Team 011,3,2,1,0,48,35,13,72.92,5
3,6,Team 007,3,2,0,1,48,23,25,47.92,4
3,7,Team 008,3,1,2,0,48,27,21,56.25,4
3,8,Team 014,3,2,0,1,48,27,21,56.25,4
3,9,Team 012,3,1,1,1,48,23,25,47.92,3
3,10,Team 006,3,1,0,2,48,16,32,33.34,2
3,11,Team 015,3,1,0,2,48,25,23,52.09,2
3,12,Team 010,3,1,0,2,48,24,24,50.0,2
3,13,Team 009,3,0,0,3,48,17,31,35.42,0
3,14,Team 002,3,0,0,3,48,13,35,27.09,0
3,15,Team 013,3,0,0,3,48,9,39,18.75,0
3,16,Team 016,3,0,0,3,48,1,47,2.09,0
4,1,Team 001,4,4,0,0,64,51,13,79.69,8
4,2,Team 003,4,3,1,0,64,45,19,70.32,7
4,3,Team 011,4,3,1,0,64,47,17,73.44,7
4,4,Team 004,4,3,0,1,64,44,20,68.75,6
4,5,Team 007,4,3,0,1,64,33,31,51.57,6
4,6,Team 008,4,2,2,0,64,36,28,56.25,6
4,7,Team 014,4,3,0,1,64,40,24,62.5,6
4,8,Team 012,4,2,1,1,64,34,30,53.13,5
4,9,Team 005,4,2,1,1,64,36,28,56.25,5
4,10,Team 006,4,1,0,3,64,21,43,32.82,2
4,11,Team 015,4,1,0,3,64,29,35,45.32,2
4,12,Team 009,4,1,0,3,64,27,37,42.19,2
4,13,Team 010,4,1,0,3,64,30,34,46.88,2
4,14,Team 013,4,0,0,4,64,16,48,25.0,0
4,14,Team 002,4,0,0,4,64,16,48,25.0,0
4,15,Team 016,4,0,0,4,64,7,57,10.94,0
5,1,Team 001,5,5,0,0,80,63,17,78.75,10
5,2,Team 004,5,4,0,1,80,59,21,73.75,8
5,3,Team 007,5,4,0,1,80,44,36,55.0,8
5,4,Team 008,5,3,2,0,80,47,33,58.75,8
5,5,Team 014,5,4,0,1,80,50,30,62.5,8
5,6,Team 011,5,3,1,1,80,52,28,65.0,7
5,7,Team 003,5,3,1,1,80,51,29,63.75,7
5,8,Team 012,5,3,1,1,80,43,37,53.75,7
5,9,Team 005,5,2,1,2,80,43,37,53.75,5
5,10,Team 006,5,2,0,3,80,30,50,37.5,4
5,11,Team 010,5,2,0,3,80,41,39,51.25,4
5,12,Team 015,5,1,0,4,80,36,44,45.0,2
5,13,Team 009,5,1,0,4,80,32,48,40.0,2
5,14,Team 002,5,0,0,5,80,21,59,26.25,0
5,15,Team 013,5,0,0,5,80,20,60,25.0,0
5,16,Team 016,5,0,0,5,80,8,72,10.0,0
6,1,Team 001,6,6,0,0,96,79,17,82.3,12
6,2,Team 007,6,5,0,1,96,57,39,59.38,10
6,3,Team 008,6,4,2,0,96,58,38,60.42,10
6,4,Team 014,6,5,0,1,96,66,30,68.75,10
6,5,Team 011,6,4,1,1,96,65,31,67.71,9
6,6,Team 003,6,4,1,1,96,64,32,66.67,9
6,7,Team 012,6,4,1,1,96,53,43,55.21,9
6,8,Team 004,6,4,0,2,96,62,34,64.59,8
6,9,Team 006,6,3,0,3,96,39,57,40.63,6
6,10,Team 005,6,2,1,3,96,50,46,52.09,5
6,11,Team 010,6,2,0,4,96,44,52,45.84,4
6,12,Team 015,6,1,0,5,96,39,57,40.63,2
6,13,Team 009,6,1,0,5,96,32,64,33.34,2
6,14,Team 013,6,0,0,6,96,26,70,27.09,0
6,14,Team 002,6,0,0,6,96,26,70,27.09,0
6,15,Team 016,6,0,0,6,96,8,88,8.34,0
7,1,Team 001,7,7,0,0,112,90,22,80.36,14
7,2,Team 008,7,5,2,0,112,68,44,60.72,12
7,3,Team 012,7,5,1,1,112,63,49,56.25,11
7,4,Team 014,7,5,1,1,112,74,38,66.08,11
7,5,Team 011,7,4,2,1,112,73,39,65.18,10
7,6,Team 004,7,5,0,2,112,71,41,63.4,10
7,7,Team 007,7,5,0,2,112,64,48,57.15,10
7,8,Team 003,7,4,1,2,112,70,42,62.5,9
7,9,Team 006,7,4,0,3,112,50,62,44.65,8
7,10,Team 005,7,2,2,3,112,58,54,51.79,6
7,11,Team 010,7,3,0,4,112,54,58,48.22,6
7,12,Team 015,7,1,1,5,112,47,65,41.97,3
7,13,Team 009,7,1,0,6,112,38,74,33.93,2
7,14,Team 013,7,0,0,7,112,31,81,27.68,0
7,14,Team 002,7,0,0,7,112,31,81,27.68,0
7,15,Team 016,7,0,0,7,112,14,98,12.5,0
8,1,Team 001,8,8,0,0,128,103,25,80.47,16
8,2,Team 008,8,6,2,0,128,82,46,64.07,14
8,3,Team 012,8,6,1,1,128,76,52,59.38,13
8,4,Team 014,8,6,1,1,128,83,45,64.85,13
8,5,Team 011,8,5,2,1,128,86,42,67.19,12
8,6,Team 004,8,6,0,2,128,83,45,64.85,12
8,7,Team 007,8,5,0,3,128,71,57,55.47,10
8,8,Team 006,8,5,0,3,128,63,65,49.22,10
8,9,Team 003,8,4,1,3,128,73,55,57.04,9
8,10,Team 005,8,3,2,3,128,71,57,55.47,8
8,11,Team 010,8,3,0,5,128,57,71,44.54,6
8,12,Team 015,8,1,1,6,128,51,77,39.85,3
8,13,Team 009,8,1,0,7,128,41,87,32.04,2
8,14,Team 013,8,0,0,8,128,34,94,26.57,0
8,14,Team 002,8,0,0,8,128,34,94,26.57,0
8,15,Team 016,8,0,0,8,128,16,112,12.5,0
9,1,Team 001,9,9,0,0,144,119,25,82.64,18
9,2,Team 012,9,7,1,1,144,85,59,59.03,15
9,3,Team 014,9,7,1,1,144,92,52,63.89,15
9,4,Team 011,9,6,2,1,144,95,49,65.98,14
9,5,Team 008,9,6,2,1,144,89,55,61.81,14
9,6,Team 004,9,6,0,3,144,90,54,62.5,12
9,7,Team 007,9,6,0,3,144,83,61,57.64,12
9,8,Team 006,9,6,0,3,144,77,67,53.48,12
9,9,Team 005,9,4,2,3,144,82,62,56.95,10
9,10,Team 003,9,4,1,4,144,80,64,55.56,9
9,11,Team 010,9,3,0,6,144,61,83,42.37,6
9,12,Team 015,9,2,1,6,144,67,77,46.53,5
9,13,Team 009,9,1,0,8,144,46,98,31.95,2
9,14,Team 002,9,0,0,9,144,36,108,25.0,0
9,15,Team 013,9,0,0,9,144,34,110,23.62,0
9,16,Team 016,9,0,0,9,144,16,128,11.12,0
10,1,Team 001,10,10,0,0,160,135,25,84.38,20
10,2,Team 012,10,8,1,1,160,100,60,62.5,17
10,3,Team 014,10,7,2,1,160,100,60,62.5,16
10,4,Team 004,10,7,0,3,160,103,57,64.38,14
10,5,Team 007,10,7,0,3,160,96,64,60.0,14
10,6,Team 011,10,6,2,2,160,95,65,59.38,14
10,7,Team 008,10,6,2,2,160,92,68,57.5,14
10,8,Team 006,10,6,0,4,160,84,76,52.5,12
10,9,Team 003,10,5,1,4,160,89,71,55.63,11
10,10,Team 005,10,4,2,4,160,89,71,55.63,10
10,11,Team 015,10,2,2,6,160,75,85,46.88,6
10,12,Team 010,10,3,0,7,160,64,96,40.0,6
10,13,Team 009,10,2,0,8,160,62,98,38.75,4
10,14,Team 002,10,1,0,9,160,45,115,28.13,2
10,15,Team 013,10,0,0,10,160,34,126,21.25,0
10,16,Team 016,10,0,0,10,160,17,143,10.63,0
11,1,Team 001,11,11,0,0,176,150,26,85.23,22
11,2,Team 012,11,8,1,2,176,107,69,60.8,17
11,3,Team 014,11,7,3,1,176,108,68,61.37,17
11,4,Team 011,11,7,2,2,176,104,72,59.1,16
11,5,Team 008,11,7,2,2,176,101,75,57.39,16
11,6,Team 004,11,7,0,4,176,110,66,62.5,14
11,7,Team 007,11,7,0,4,176,97,79,55.12,14
11,8,Team 006,11,7,0,4,176,93,83,52.85,14
11,9,Team 003,11,6,1,4,176,100,76,56.82,13
11,10,Team 005,11,4,2,5,176,94,82,53.41,10
11,11,Team 015,11,3,2,6,176,86,90,48.87,8
11,12,Team 010,11,3,1,7,176,72,104,40.91,7
11,13,Team 009,11,2,0,9,176,67,109,38.07,4
11,14,Team 002,11,1,0,10,176,52,124,29.55,2
11,15,Team 013,11,1,0,10,176,43,133,24.44,2
11,16,Team 016,11,0,0,11,176,24,152,13.64,0
12,1,Team 001,12,12,0,0,192,160,32,83.34,24
12,2,Team 011,12,8,2,2,192,117,75,60.94,18
12,3,Team 014,12,7,4,1,192,116,76,60.42,18
12,4,Team 012,12,8,1,3,192,114,78,59.38,17
12,5,Team 008,12,7,3,2,192,109,83,56.78,17
12,6,Team 007,12,8,0,4,192,106,86,55.21,16
12,7,Team 003,12,7,1,4,192,115,77,59.9,15
12,8,Team 004,12,7,0,5,192,116,76,60.42,14
12,9,Team 006,12,7,0,5,192,96,96,50.0,14
12,10,Team 005,12,5,2,5,192,106,86,55.21,12
12,11,Team 015,12,4,2,6,192,100,92,52.09,10
12,12,Team 010,12,3,1,8,192,74,118,38.55,7
12,13,Team 009,12,3,0,9,192,81,111,42.19,6
12,14,Team 002,12,1,0,11,192,54,138,28.13,2
12,15,Team 013,12,1,0,11,192,44,148,22.92,2
12,16,Team 016,12,0,0,12,192,28,164,14.59,0
13,1,Team 001,13,13,0,0,208,174,34,83.66,26
13,2,Team 011,13,8,3,2,208,125,83,60.1,19
13,3,Team 012,13,9,1,3,208,124,84,59.62,19
13,4,Team 008,13,8,3,2,208,123,85,59.14,19
13,5,Team 014,13,7,4,2,208,118,90,56.74,18
13,6,Team 003,13,8,1,4,208,127,81,61.06,17
13,7,Team 007,13,8,0,5,208,113,95,54.33,16
13,8,Team 006,13,8,0,5,208,105,103,50.49,16
13,9,Team 004,13,7,0,6,208,122,86,58.66,14
13,10,Team 005,13,5,3,5,208,114,94,54.81,13
13,11,Team 015,13,4,3,6,208,108,100,51.93,11
13,12,Team 010,13,3,1,9,208,76,132,36.54,7
13,13,Team 009,13,3,0,10,208,85,123,40.87,6
13,14,Team 002,13,1,1,11,208,62,146,29.81,3
13,15,Team 016,13,1,0,12,208,44,164,21.16,2
13,16,Team 013,13,1,0,12,208,44,164,21.16,2
14,1,Team 001,14,14,0,0,224,186,38,83.04,28
14,2,Team 011,14,9,3,2,224,137,87,61.17,21
14,3,Team 008,14,9,3,2,224,135,89,60.27,21
14,4,Team 012,14,9,2,3,224,132,92,58.93,20
14,5,Team 003,14,9,1,4,224,140,84,62.5,19
14,6,Team 014,14,7,5,2,224,126,98,56.25,19
14,7,Team 007,14,9,0,5,224,124,100,55.36,18
14,8,Team 004,14,8,0,6,224,131,93,58.49,16
14,9,Team 006,14,8,0,6,224,112,112,50.0,16
14,10,Team 005,14,5,3,6,224,119,105,53.13,13
14,11,Team 015,14,4,3,7,224,112,112,50.0,11
14,12,Team 009,14,3,1,10,224,93,131,41.52,7
14,13,Team 010,14,3,1,10,224,80,144,35.72,7
14,14,Team 016,14,1,1,12,224,52,172,23.22,3
14,15,Team 002,14,1,1,12,224,65,159,29.02,3
14,16,Team 013,14,1,0,13,224,48,176,21.43,2
15,1,Team 001,15,15,0,0,240,202,38,84.17,30
15,2,Team 011,15,10,3,2,240,149,91,62.09,23
15,3,Team 012,15,10,2,3,240,142,98,59.17,22
15,4,Team 008,15,9,3,3,240,135,105,56.25,21
15,5,Team 003,15,10,1,4,240,151,89,62.92,21
15,6,Team 014,15,7,5,3,240,130,110,54.17,19
15,7,Team 004,15,9,0,6,240,142,98,59.17,18
15,8,Team 007,15,9,0,6,240,129,111,53.75,18
15,9,Team 006,15,9,0,6,240,124,116,51.67,18
15,10,Team 005,15,5,3,7,240,124,116,51.67,13
15,11,Team 015,15,4,3,8,240,117,123,48.75,11
15,12,Team 009,15,3,1,11,240,97,143,40.42,7
15,13,Team 010,15,3,1,11,240,86,154,35.84,7
15,14,Team 016,15,1,2,12,240,60,180,25.0,4
15,15,Team 002,15,1,2,12,240,73,167,30.42,4
15,16,Team 013,15,2,0,13,240,59,181,24.59,4
16,1,Team 001,16,16,0,0,256,215,41,83.99,32
16,2,Team 011,16,11,3,2,256,163,93,63.68,25
16,3,Team 012,16,11,2,3,256,154,102,60.16,24
16,4,Team 003,16,11,1,4,256,167,89,65.24,23
16,5,Team 008,16,9,3,4,256,139,117,54.3,21
16,6,Team 014,16,8,5,3,256,142,114,55.47,21
16,7,Team 004,16,10,0,6,256,154,102,60.16,20
16,8,Team 006,16,10,0,6,256,135,121,52.74,20
16,9,Team 007,16,9,0,7,256,136,120,53.13,18
16,10,Team 005,16,5,3,8,256,128,128,50.0,13
16,11,Team 015,16,4,3,9,256,120,136,46.88,11
16,12,Team 009,16,4,1,11,256,106,150,41.41,9
16,13,Team 010,16,3,1,12,256,91,165,35.55,7
16,14,Team 016,16,1,2,13,256,60,196,23.44,4
16,15,Team 002,16,1,2,13,256,75,181,29.3,4
16,16,Team 013,16,2,0,14,256,63,193,24.61,4
17,1,Team 001,17,17,0,0,272,231,41,84.93,34
17,2,Team 011,17,11,4,2,272,171,101,62.87,26
17,3,Team 012,17,11,2,4,272,154,118,56.62,24
17,4,Team 003,17,11,2,4,272,175,97,64.34,24
17,5,Team 008,17,10,3,4,272,150,122,55.15,23
17,6,Team 014,17,9,5,3,272,158,114,58.09,23
17,7,Team 004,17,11,0,6,272,170,102,62.5,22
17,8,Team 007,17,10,0,7,272,148,124,54.42,20
17,9,Team 006,17,10,0,7,272,140,132,51.48,20
17,10,Team 005,17,6,3,8,272,137,135,50.37,15
17,11,Team 015,17,5,3,9,272,135,137,49.64,13
17,12,Team 009,17,4,1,12,272,106,166,38.98,9
17,13,Team 010,17,3,1,13,272,98,174,36.03,7
17,14,Team 016,17,1,2,14,272,61,211,22.43,4
17,15,Team 002,17,1,2,14,272,79,193,29.05,4
17,16,Team 013,17,2,0,15,272,63,209,23.17,4
18,1,Team 001,18,18,0,0,288,246,42,85.42,36
18,2,Team 011,18,12,4,2,288,184,104,63.89,28
18,3,Team 012,18,12,2,4,288,167,121,57.99,26
18,4,Team 003,18,12,2,4,288,184,104,63.89,26
18,5,Team 008,18,11,3,4,288,159,129,55.21,25
18,6,Team 014,18,10,5,3,288,171,117,59.38,25
18,7,Team 004,18,12,0,6,288,186,102,64.59,24
18,8,Team 007,18,10,0,8,288,155,133,53.82,20
18,9,Team 006,18,10,0,8,288,141,147,48.96,20
18,10,Team 005,18,6,3,9,288,144,144,50.0,15
18,11,Team 015,18,5,3,10,288,138,150,47.92,13
18,12,Team 009,18,4,1,13,288,109,179,37.85,9
18,13,Team 010,18,4,1,13,288,107,181,37.16,9
18,14,Team 016,18,1,2,15,288,64,224,22.23,4
18,15,Team 002,18,1,2,15,288,79,209,27.44,4
18,16,Team 013,18,2,0,16,288,70,218,24.31,4
19,1,Team 001,19,19,0,0,304,257,47,84.54,38
19,2,Team 011,19,13,4,2,304,195,109,64.15,30
19,3,Team 012,19,13,2,4,304,177,127,58.23,28
19,4,Team 008,19,12,3,4,304,168,136,55.27,27
19,5,Team 014,19,11,5,3,297,177,120,59.6,27
19,6,Team 003,19,12,2,5,304,190,114,62.5,26
19,7,Team 004,19,13,0,6,304,196,108,64.48,26
19,8,Team 007,19,11,0,8,304,164,140,53.95,22
19,9,Team 006,19,10,0,9,304,147,157,48.36,20
19,10,Team 005,19,6,3,10,304,149,155,49.02,15
19,11,Team 015,19,5,3,11,304,143,161,47.04,13
19,12,Team 010,19,5,1,13,304,116,188,38.16,11
19,13,Team 009,19,4,1,14,304,116,188,38.16,9
19,14,Team 016,19,1,2,16,304,71,233,23.36,4
19,15,Team 002,19,1,2,16,297,82,215,27.61,4
19,16,Team 013,19,2,0,17,304,77,227,25.33,4
20,1,Team 001,20,20,0,0,320,273,47,85.32,40
20,2,Team 011,20,13,4,3,320,198,122,61.88,30
20,3,Team 012,20,14,2,4,320,186,134,58.13,30
20,4,Team 008,20,13,3,4,320,178,142,55.63,29
20,5,Team 003,20,13,2,5,320,201,119,62.82,28
20,6,Team 004,20,14,0,6,320,211,109,65.94,28
20,7,Team 014,20,11,5,4,313,182,131,58.15,27
20,8,Team 007,20,12,0,8,320,177,143,55.32,24
20,9,Team 006,20,11,0,9,320,157,163,49.07,22
20,10,Team 005,20,6,3,11,320,156,164,48.75,15
20,11,Team 015,20,5,3,12,320,149,171,46.57,13
20,12,Team 010,20,5,1,14,320,123,197,38.44,11
20,13,Team 009,20,4,1,15,320,122,198,38.13,9
20,14,Team 002,20,2,2,16,313,91,222,29.08,6
20,15,Team 016,20,1,2,17,320,72,248,22.5,4
20,16,Team 013,20,2,0,18,320,77,243,24.07,4
21,1,Team 001,21,21,0,0,336,288,48,85.72,42
21,2,Team 012,21,15,2,4,336,199,137,59.23,32
21,3,Team 008,21,14,3,4,336,188,148,55.96,31
21,4,Team 003,21,14,2,5,336,216,120,64.29,30
21,5,Team 011,21,13,4,4,336,204,132,60.72,30
21,6,Team 004,21,15,0,6,336,221,115,65.78,30
21,7,Team 014,21,12,5,4,329,192,137,58.36,29
21,8,Team 007,21,13,0,8,336,191,145,56.85,26
21,9,Team 006,21,12,0,9,336,167,169,49.71,24
21,10,Team 005,21,6,3,12,336,162,174,48.22,15
21,11,Team 015,21,5,3,13,336,151,185,44.95,13
21,12,Team 010,21,5,1,15,336,124,212,36.91,11
21,13,Team 009,21,4,1,16,336,123,213,36.61,9
21,14,Team 002,21,2,2,17,329,97,232,29.49,6
21,15,Team 016,21,1,2,18,336,78,258,23.22,4
21,16,Team 013,21,2,0,19,336,80,256,23.81,4
22,1,Team 001,22,22,0,0,352,300,52,85.23,44
22,2,Team 012,22,16,2,4,352,210,142,59.66,34
22,3,Team 008,22,15,3,4,352,197,155,55.97,33
22,4,Team 011,22,14,4,4,352,216,136,61.37,32
22,5,Team 003,22,14,2,6,352,223,129,63.36,30
22,6,Team 004,22,15,0,7,352,228,124,64.78,30
22,7,Team 014,22,12,5,5,345,196,149,56.82,29
22,8,Team 007,22,14,0,8,352,200,152,56.82,28
22,9,Team 006,22,12,0,10,352,171,181,48.58,24
22,10,Team 005,22,7,3,12,352,173,179,49.15,17
22,11,Team 015,22,5,3,14,352,156,196,44.32,13
22,12,Team 010,22,6,1,15,352,135,217,38.36,13
22,13,Team 009,22,4,1,17,352,128,224,36.37,9
22,14,Team 002,22,2,2,18,345,101,244,29.28,6
22,15,Team 013,22,3,0,19,352,92,260,26.14,6
22,16,Team 016,22,1,2,19,352,83,269,23.58,4
23,1,Team 001,23,23,0,0,368,313,55,85.06,46
23,2,Team 012,23,17,2,4,368,222,146,60.33,36
23,3,Team 008,23,16,3,4,368,209,159,56.8,35
23,4,Team 011,23,15,4,4,368,231,137,62.78,34
23,5,Team 004,23,16,0,7,368,243,125,66.04,32
23,6,Team 003,23,14,2,7,368,226,142,61.42,30
23,7,Team 007,23,15,0,8,368,210,158,57.07,30
23,8,Team 014,23,12,5,6,361,202,159,55.96,29
23,9,Team 006,23,13,0,10,368,184,184,50.0,26
23,10,Team 005,23,8,3,12,368,182,186,49.46,19
23,11,Team 015,23,5,3,15,368,157,211,42.67,13
23,12,Team 010,23,6,1,16,368,136,232,36.96,13
23,13,Team 009,23,4,1,18,368,131,237,35.6,9
23,14,Team 002,23,2,2,19,361,105,256,29.09,6
23,15,Team 013,23,3,0,20,368,99,269,26.91,6
23,16,Team 016,23,1,2,20,368,87,281,23.65,4
24,1,Team 001,24,24,0,0,384,328,56,85.42,48
24,2,Team 012,24,17,2,5,384,229,155,59.64,36
24,3,Team 008,24,16,4,4,384,217,167,56.52,36
24,4,Team 011,24,15,5,4,384,239,145,62.24,35
24,5,Team 004,24,17,0,7,384,255,129,66.41,34
24,6,Team 003,24,15,2,7,384,235,149,61.2,32
24,7,Team 007,24,16,0,8,384,223,161,58.08,32
24,8,Team 014,24,12,5,7,377,206,171,54.65,29
24,9,Team 006,24,14,0,10,384,193,191,50.27,28
24,10,Team 005,24,9,3,12,384,195,189,50.79,21
24,11,Team 015,24,6,3,15,384,170,214,44.28,15
24,12,Team 010,24,6,1,17,384,139,245,36.2,13
24,13,Team 009,24,4,1,19,384,134,250,34.9,9
24,14,Team 002,24,2,2,20,377,112,265,29.71,6
24,15,Team 013,24,3,0,21,384,102,282,26.57,6
24,16,Team 016,24,1,2,21,384,88,296,22.92,4
25,1,Team 001,25,25,0,0,400,344,56,86.0,50
25,2,Team 012,25,17,3,5,400,237,163,59.25,37
25,3,Team 004,25,18,0,7,400,270,130,67.5,36
25,4,Team 008,25,16,4,5,400,223,177,55.75,36
25,5,Team 011,25,15,5,5,400,239,161,59.75,35
25,6,Team 003,25,16,2,7,400,248,152,62.0,34
25,7,Team 007,25,17,0,8,400,233,167,58.25,34
25,8,Team 014,25,13,5,7,393,219,174,55.73,31
25,9,Team 006,25,14,0,11,400,196,204,49.0,28
25,10,Team 005,25,10,3,12,400,209,191,52.25,23
25,11,Team 015,25,6,3,16,400,173,227,43.25,15
25,12,Team 010,25,6,1,18,400,140,260,35.0,13
25,13,Team 009,25,4,1,20,400,138,262,34.5,9
25,14,Team 013,25,4,0,21,400,114,286,28.5,8
25,15,Team 002,25,2,2,21,393,114,279,29.01,6
25,16,Team 016,25,1,3,21,400,96,304,24.0,5
26,1,Team 001,26,26,0,0,416,358,58,86.06,52
26,2,Team 004,26,19,0,7,416,281,135,67.55,38
26,3,Team 011,26,16,5,5,416,248,168,59.62,37
26,4,Team 012,26,17,3,6,416,244,172,58.66,37
26,5,Team 008,26,16,4,6,416,228,188,54.81,36
26,6,Team 003,26,16,3,7,416,256,160,61.54,35
26,7,Team 007,26,17,0,9,416,235,181,56.5,34
26,8,Team 014,26,14,5,7,409,232,177,56.73,33
26,9,Team 006,26,14,0,12,416,202,214,48.56,28
26,10,Team 005,26,10,4,12,416,217,199,52.17,24
26,11,Team 015,26,7,3,16,416,187,229,44.96,17
26,12,Team 010,26,6,1,19,416,143,273,34.38,13
26,13,Team 009,26,4,1,21,416,140,276,33.66,9
26,14,Team 002,26,3,2,21,409,124,285,30.32,8
26,15,Team 013,26,4,0,22,416,120,296,28.85,8
26,16,Team 016,26,2,3,21,416,106,310,25.49,7
27,1,Team 001,27,27,0,0,432,371,61,85.88,54
27,2,Team 011,27,17,5,5,432,263,169,60.88,39
27,3,Team 012,27,18,3,6,432,256,176,59.26,39
27,4,Team 004,27,19,0,8,432,284,148,65.75,38
27,5,Team 008,27,17,4,6,432,239,193,55.33,38
27,6,Team 003,27,17,3,7,432,269,163,62.27,37
27,7,Team 007,27,17,0,10,432,239,193,55.33,34
27,8,Team 014,27,14,5,8,425,237,188,55.77,33
27,9,Team 006,27,14,0,13,432,203,229,47.0,28
27,10,Team 005,27,11,4,12,432,229,203,53.01,26
27,11,Team 015,27,8,3,16,432,199,233,46.07,19
27,12,Team 010,27,6,1,20,432,147,285,34.03,13
27,13,Team 009,27,5,1,21,425,145,280,34.12,11
27,14,Team 002,27,3,2,22,418,128,290,30.63,8
27,15,Team 013,27,4,0,23,432,123,309,28.48,8
27,16,Team 016,27,2,3,22,432,110,322,25.47,7
28,1,Team 001,28,28,0,0,448,386,62,86.17,56
28,2,Team 012,28,19,3,6,448,265,183,59.16,41
28,3,Team 008,28,18,4,6,448,253,195,56.48,40
28,4,Team 003,28,18,3,7,448,285,163,63.62,39
28,5,Team 011,28,17,5,6,448,269,179,60.05,39
28,6,Team 004,28,19,0,9,448,291,157,64.96,38
28,7,Team 007,28,18,0,10,448,248,200,55.36,36
28,8,Team 014,28,14,5,9,441,238,203,53.97,33
28,9,Team 006,28,14,0,14,448,210,238,46.88,28
28,10,Team 005,28,12,4,12,448,239,209,53.35,28
28,11,Team 015,28,9,3,16,448,211,237,47.1,21
28,12,Team 010,28,6,1,21,448,149,299,33.26,13
28,13,Team 009,28,5,1,22,441,145,296,32.88,11
28,14,Team 016,28,3,3,22,448,120,328,26.79,9
28,15,Team 002,28,3,2,23,434,132,302,30.42,8
28,16,Team 013,28,4,0,24,448,129,319,28.8,8
29,1,Team 001,29,29,0,0,464,402,62,86.64,58
29,2,Team 012,29,20,3,6,464,277,187,59.7,43
29,3,Team 008,29,19,4,6,464,263,201,56.69,42
29,4,Team 003,29,19,3,7,464,296,168,63.8,41
29,5,Team 011,29,18,5,6,464,279,185,60.13,41
29,6,Team 004,29,19,1,9,464,299,165,64.44,39
29,7,Team 007,29,18,0,11,464,251,213,54.1,36
29,8,Team 014,29,14,5,10,457,242,215,52.96,33
29,9,Team 005,29,13,4,12,464,252,212,54.32,30
29,10,Team 006,29,14,1,14,464,218,246,46.99,29
29,11,Team 015,29,9,3,17,464,217,247,46.77,21
29,12,Team 010,29,6,1,22,464,149,315,32.12,13
29,13,Team 016,29,4,3,22,464,136,328,29.32,11
29,14,Team 009,29,5,1,23,457,145,312,31.73,11
29,15,Team 002,29,3,2,24,450,137,313,30.45,8
29,16,Team 013,29,4,0,25,464,135,329,29.1,8
30,1,Team 001,30,30,0,0,480,417,63,86.88,60
30,2,Team 012,30,21,3,6,480,293,187,61.05,45
30,3,Team 003,30,20,3,7,480,309,171,64.38,43
30,4,Team 011,30,19,5,6,480,292,188,60.84,43
30,5,Team 008,30,19,4,7,480,264,216,55.0,42
30,6,Team 004,30,19,2,9,480,307,173,63.96,40
30,7,Team 007,30,18,0,12,480,254,226,52.92,36
30,8,Team 014,30,15,5,10,473,252,221,53.28,35
30,9,Team 005,30,13,5,12,480,260,220,54.17,31
30,10,Team 006,30,14,1,15,480,224,256,46.67,29
30,11,Team 015,30,9,3,18,480,220,260,45.84,21
30,12,Team 010,30,6,1,23,480,149,331,31.05,13
30,13,Team 016,30,5,3,22,480,146,334,30.42,13
30,14,Team 009,30,5,1,24,473,148,325,31.29,11
30,15,Team 013,30,5,0,25,480,148,332,30.84,10
30,16,Team 002,30,3,2,25,466,143,323,30.69,8
